ID,Age range,"Gender 
","I find the information in the video useful on keeping fit and healthy as a senior
","I find the duration of the video sufficient
","After watching the video, I know some exercises to improve my mobility and overall strength 
","I understand the importance of doing mobility and strength training exercises

","After watching the video, I know how to do the basic mobility and strength training exercises on my own

","I will be recommending this video to other family members and friends

","How useful were the videos by the health experts? 
","Any videos that you would like to see more of? (You can choose multiple answers)


"
1,1,0,5,4,4,4,4,4,4,1
2,0,0,5,4,5,4,5,4,4,3
3,0,1,5,2,5,5,5,5,5,1
4,0,1,5,5,5,5,5,5,5,1
5,0,0,5,4,5,5,5,5,4,1
6,0,1,5,3,4,5,5,5,4,2
7,1,1,5,5,5,5,5,5,5,1
8,1,1,5,5,5,5,5,5,5,1
9,1,0,3,3,4,5,4,4,4,1
10,1,1,4,4,4,4,4,3,4,2
11,1,1,5,5,5,5,5,5,5,3
12,2,1,5,5,5,5,5,5,5,3
13,1,0,5,4,4,5,4,5,4,3
14,2,1,5,4,5,5,5,5,5,1
15,0,0,4,4,4,4,4,4,4,2
16,2,0,5,5,5,5,5,5,5,1
17,1,1,4,3,4,4,4,3,3,3
18,0,0,4,3,5,5,5,4,5,1
19,1,0,4,3,4,4,4,3,3,1
20,1,1,5,5,5,4,4,5,4,1
21,1,0,5,4,5,5,5,4,5,3
22,0,1,4,2,4,5,4,4,3,2
23,0,1,5,5,5,5,5,5,5,2
24,1,0,4,4,5,5,4,5,5,2
25,1,0,4,3,4,4,4,4,4,3
26,1,1,4,3,5,5,5,4,4,1
27,0,0,4,3,4,5,4,3,4,1
28,1,1,5,4,4,4,4,4,5,1
29,2,1,4,4,4,4,4,4,4,1
30,1,1,5,5,5,5,5,5,5,1
31,1,1,4,3,4,4,4,4,4,1
32,1,1,5,4,4,5,5,4,4,2
33,2,1,5,3,4,4,4,4,4,3
34,2,1,4,4,4,4,4,4,4,1
35,1,1,4,4,5,5,4,4,4,1
36,2,0,4,4,4,4,4,3,4,1
37,3,1,5,5,5,5,5,5,5,1
38,2,1,4,4,4,4,4,4,4,1
39,1,1,5,4,4,4,5,4,5,2
40,2,1,5,5,5,5,5,5,5,1